{
  "destination": "string",
  "itinerary_text": "London, Ontario Family Fun: 3-Day Itinerary (Budget-Friendly)\n\nThis itinerary focuses on outdoor spaces and kid-friendly attractions, utilizing public transport where possible.  Remember to check opening times and consider bringing snacks and drinks to save money.\n\n**Day 1: Parks and Playtime**\n\n* **Morning:** Start your day at Springbank Park (1085 Commissioners Rd W). This large park offers plenty of space for kids to run around, with playgrounds and open green spaces. Pack a picnic lunch to enjoy amidst the scenery.\n* **Afternoon:**  Head to Fanshawe Pioneer Village (1424 Clarke Rd) for a step back in time. Kids will love exploring the historic buildings and learning about pioneer life.\n* **Evening:** Enjoy a delicious and affordable meal at Sinbad Restaurant (1286 Jalna Blvd Unit 1), known for its flavorful dishes.\n\n**Day 2: History and Nature**\n\n* **Morning:** Visit Victoria Park (580 Clarence St), another beautiful green space perfect for a family stroll. Let the kids explore the playground or simply relax and enjoy the atmosphere.\n* **Afternoon:** Immerse yourselves in history at the Museum of Ontario Archaeology (1600 Attawandaron Rd). Though smaller, it offers engaging exhibits suitable for children, making learning fun.\n* **Evening:** Treat your family to dinner at peppermoon restaurant & bar (1100 Commissioners Rd E) for a relaxed and enjoyable evening.\n\n**Day 3:  Flexibility and Exploration**\n\nDay 3 is designed for flexibility based on your family’s interests and energy levels.  You can revisit a favorite spot from the previous days, explore a different park in London, or enjoy some downtime.\n\n* **Morning/Afternoon:**  Free time for exploring London at your own pace. Maybe visit a local playground not mentioned in the itinerary or find a free activity like window shopping downtown.\n* **Evening:** Conclude your trip with dinner at either Spice 8 Srilankan Fusion Cuisine (460 Berkshire Dr) or Hunter & Co. (349 Talbot St), both offering diverse culinary experiences.\n\n\n**Note:** This itinerary prioritizes inexpensive options.  Transportation costs can vary depending on your location and use of public transit.  Always check for special events or closures at attractions before your visit. Remember to pack comfortable walking shoes!\n",
  "plan_struct": [
    {
      "day": 1,
      "attractions": [
        {
          "name": "Springbank Park",
          "address": "1085 Commissioners Rd W, London, ON N6K 4Y6, Canada",
          "lat": 42.9583691,
          "lon": -81.3221983,
          "rating": 4.7,
          "user_ratings_total": 4950,
          "price_level": null,
          "types": [
            "park",
            "tourist_attraction",
            "point_of_interest",
            "establishment"
          ]
        },
        {
          "name": "Fanshawe Pioneer Village",
          "address": "Spriet Family Visitor Centre, inside of, 1424 Clarke Rd, London, ON N5X 4A1, Canada",
          "lat": 43.0553469,
          "lon": -81.18170769999999,
          "rating": 4.7,
          "user_ratings_total": 825,
          "price_level": null,
          "types": [
            "tourist_attraction",
            "museum",
            "point_of_interest",
            "establishment"
          ]
        },
        {
          "name": "Westminster Ponds/Pond Mills Conservation Area",
          "address": "696 Wellington Rd, London, ON N6C 4R2, Canada",
          "lat": 42.9477273,
          "lon": -81.2269331,
          "rating": 4.6,
          "user_ratings_total": 1096,
          "price_level": null,
          "types": [
            "tourist_attraction",
            "park",
            "point_of_interest",
            "establishment"
          ]
        },
        {
          "name": "Sifton Bog",
          "address": "1210 Oxford St W, London, ON N6H 1V7, Canada",
          "lat": 42.9742229,
          "lon": -81.3238251,
          "rating": 4.6,
          "user_ratings_total": 734,
          "price_level": null,
          "types": [
            "park",
            "tourist_attraction",
            "point_of_interest",
            "establishment"
          ]
        }
      ],
      "restaurants": [
        {
          "name": "Sinbad Restaurant",
          "address": "1286 Jalna Blvd Unit 1, London, ON N6E 2R6, Canada",
          "lat": 42.925768,
          "lon": -81.23173000000001,
          "rating": 4.9,
          "user_ratings_total": 1390,
          "price_level": null,
          "types": [
            "restaurant",
            "food",
            "point_of_interest",
            "establishment"
          ]
        },
        {
          "name": "Sagi",
          "address": "175 Wortley Rd, London, ON N6C 3P6, Canada",
          "lat": 42.9717282,
          "lon": -81.2529475,
          "rating": 4.9,
          "user_ratings_total": 346,
          "price_level": null,
          "types": [
            "restaurant",
            "food",
            "point_of_interest",
            "establishment"
          ]
        }
      ]
    },
    {
      "day": 2,
      "attractions": [
        {
          "name": "Victoria Park",
          "address": "580 Clarence St, London, ON N6A 3N1, Canada",
          "lat": 42.9892363,
          "lon": -81.2484415,
          "rating": 4.5,
          "user_ratings_total": 6249,
          "price_level": null,
          "types": [
            "park",
            "tourist_attraction",
            "point_of_interest",
            "establishment"
          ]
        },
        {
          "name": "Museum of Ontario Archaeology",
          "address": "1600 Attawandaron Rd, London, ON N6G 3M6, Canada",
          "lat": 43.0135454,
          "lon": -81.3057778,
          "rating": 4.3,
          "user_ratings_total": 272,
          "price_level": null,
          "types": [
            "tourist_attraction",
            "museum",
            "point_of_interest",
            "establishment"
          ]
        }
      ],
      "restaurants": [
        {
          "name": "peppermoon restaurant & bar",
          "address": "1100 Commissioners Rd E, London, ON N5Z 4W8, Canada",
          "lat": 42.9624455,
          "lon": -81.1987331,
          "rating": 4.8,
          "user_ratings_total": 503,
          "price_level": null,
          "types": [
            "restaurant",
            "night_club",
            "bar",
            "food",
            "point_of_interest",
            "establishment"
          ]
        },
        {
          "name": "Twin Dem Kitchen",
          "address": "1286 Jalna Blvd #8, London, ON N6E 2R6, Canada",
          "lat": 42.9254524,
          "lon": -81.23164899999999,
          "rating": 4.8,
          "user_ratings_total": 90,
          "price_level": null,
          "types": [
            "restaurant",
            "food",
            "point_of_interest",
            "establishment"
          ]
        }
      ]
    },
    {
      "day": 3,
      "attractions": [],
      "restaurants": [
        {
          "name": "Spice 8 Srilankan Fusion Cuisine",
          "address": "460 Berkshire Dr, London, ON N6J 3S1, Canada",
          "lat": 42.9623281,
          "lon": -81.2852949,
          "rating": 4.8,
          "user_ratings_total": 43,
          "price_level": null,
          "types": [
            "restaurant",
            "food",
            "point_of_interest",
            "establishment"
          ]
        },
        {
          "name": "Hunter & Co.",
          "address": "349 Talbot St, London, ON N6A 2R5, Canada",
          "lat": 42.9814056,
          "lon": -81.2511722,
          "rating": 4.7,
          "user_ratings_total": 549,
          "price_level": null,
          "types": [
            "restaurant",
            "food",
            "point_of_interest",
            "establishment"
          ]
        }
      ]
    }
  ]
}