{
  "destination": "string",
  "itinerary_text": "## London, Ontario Family Fun: 3-Day Itinerary\n\nThis itinerary focuses on moderately priced options for a fun-filled family trip to London, Ontario.\n\n**Day 1: Parks and Playtime**\n\n* **Morning:** Start your day at Springbank Park (4.7 rating, 4950 reviews).  Enjoy the vast green spaces, perfect for a picnic and letting the kids run around.\n* **Afternoon:** Head over to Fanshawe Pioneer Village (4.7 rating, 825 reviews) for a step back in time. Kids will love exploring the historic buildings and learning about pioneer life.\n* **Evening:** Dinner at Sinbad Restaurant (4.9 rating, 1390 reviews).  Enjoy a delicious and family-friendly meal.\n\n\n**Day 2: History and Nature**\n\n* **Morning:** Explore Victoria Park (4.5 rating, 6249 reviews), a beautiful urban park with plenty of space for games and relaxation.\n* **Afternoon:** Immerse yourselves in history at the Museum of Ontario Archaeology (4.3 rating, 272 reviews).  While the rating is slightly lower, the hands-on exhibits can be engaging for children.\n* **Evening:** Enjoy dinner at Scaddabush Italian Kitchen & Bar London (4.8 rating, 3473 reviews). This mid-range restaurant offers a varied menu suitable for families.\n\n\n**Day 3: Flexible Fun**\n\nDay 3 is designed for flexibility, allowing you to revisit favorite spots or explore other areas of London based on your family's preferences.\n\n* **Morning/Afternoon:**  Use this time to enjoy a leisurely brunch or explore a local park not yet visited.\n* **Evening:** Choose between Twin Dem Kitchen (4.8 rating, 90 reviews) or Spice 8 Srilankan Fusion Cuisine (4.8 rating, 43 reviews) for dinner, depending on your family's culinary preferences.  Both offer unique dining experiences.\n\n**Note:**  This itinerary doesn't include transportation details. Consider using ride-sharing services, public transport, or renting a car depending on your family's needs and preferences. Remember to check the opening hours and admission fees for attractions in advance.  Have a wonderful trip!\n",
  "plan_struct": [
    {
      "day": 1,
      "attractions": [
        {
          "name": "Springbank Park",
          "address": "1085 Commissioners Rd W, London, ON N6K 4Y6, Canada",
          "lat": 42.9583691,
          "lon": -81.3221983,
          "rating": 4.7,
          "user_ratings_total": 4950,
          "price_level": null,
          "types": [
            "park",
            "tourist_attraction",
            "point_of_interest",
            "establishment"
          ]
        },
        {
          "name": "Fanshawe Pioneer Village",
          "address": "Spriet Family Visitor Centre, inside of, 1424 Clarke Rd, London, ON N5X 4A1, Canada",
          "lat": 43.0553469,
          "lon": -81.18170769999999,
          "rating": 4.7,
          "user_ratings_total": 825,
          "price_level": null,
          "types": [
            "tourist_attraction",
            "museum",
            "point_of_interest",
            "establishment"
          ]
        },
        {
          "name": "Westminster Ponds/Pond Mills Conservation Area",
          "address": "696 Wellington Rd, London, ON N6C 4R2, Canada",
          "lat": 42.9477273,
          "lon": -81.2269331,
          "rating": 4.6,
          "user_ratings_total": 1096,
          "price_level": null,
          "types": [
            "tourist_attraction",
            "park",
            "point_of_interest",
            "establishment"
          ]
        },
        {
          "name": "Sifton Bog",
          "address": "1210 Oxford St W, London, ON N6H 1V7, Canada",
          "lat": 42.9742229,
          "lon": -81.3238251,
          "rating": 4.6,
          "user_ratings_total": 734,
          "price_level": null,
          "types": [
            "park",
            "tourist_attraction",
            "point_of_interest",
            "establishment"
          ]
        }
      ],
      "restaurants": [
        {
          "name": "Sinbad Restaurant",
          "address": "1286 Jalna Blvd Unit 1, London, ON N6E 2R6, Canada",
          "lat": 42.925768,
          "lon": -81.23173000000001,
          "rating": 4.9,
          "user_ratings_total": 1390,
          "price_level": null,
          "types": [
            "restaurant",
            "food",
            "point_of_interest",
            "establishment"
          ]
        },
        {
          "name": "Sagi",
          "address": "175 Wortley Rd, London, ON N6C 3P6, Canada",
          "lat": 42.9717282,
          "lon": -81.2529475,
          "rating": 4.9,
          "user_ratings_total": 346,
          "price_level": null,
          "types": [
            "restaurant",
            "food",
            "point_of_interest",
            "establishment"
          ]
        }
      ]
    },
    {
      "day": 2,
      "attractions": [
        {
          "name": "Victoria Park",
          "address": "580 Clarence St, London, ON N6A 3N1, Canada",
          "lat": 42.9892363,
          "lon": -81.2484415,
          "rating": 4.5,
          "user_ratings_total": 6249,
          "price_level": null,
          "types": [
            "park",
            "tourist_attraction",
            "point_of_interest",
            "establishment"
          ]
        },
        {
          "name": "Museum of Ontario Archaeology",
          "address": "1600 Attawandaron Rd, London, ON N6G 3M6, Canada",
          "lat": 43.0135454,
          "lon": -81.3057778,
          "rating": 4.3,
          "user_ratings_total": 272,
          "price_level": null,
          "types": [
            "tourist_attraction",
            "museum",
            "point_of_interest",
            "establishment"
          ]
        }
      ],
      "restaurants": [
        {
          "name": "Scaddabush Italian Kitchen & Bar London",
          "address": "425 Southdale Rd W, London, ON N6K 3X4, Canada",
          "lat": 42.9385069,
          "lon": -81.2828467,
          "rating": 4.8,
          "user_ratings_total": 3473,
          "price_level": 2,
          "types": [
            "bar",
            "restaurant",
            "food",
            "point_of_interest",
            "store",
            "establishment"
          ]
        },
        {
          "name": "peppermoon restaurant & bar",
          "address": "1100 Commissioners Rd E, London, ON N5Z 4W8, Canada",
          "lat": 42.9624455,
          "lon": -81.1987331,
          "rating": 4.8,
          "user_ratings_total": 503,
          "price_level": null,
          "types": [
            "restaurant",
            "night_club",
            "bar",
            "food",
            "point_of_interest",
            "establishment"
          ]
        }
      ]
    },
    {
      "day": 3,
      "attractions": [],
      "restaurants": [
        {
          "name": "Twin Dem Kitchen",
          "address": "1286 Jalna Blvd #8, London, ON N6E 2R6, Canada",
          "lat": 42.9254524,
          "lon": -81.23164899999999,
          "rating": 4.8,
          "user_ratings_total": 90,
          "price_level": null,
          "types": [
            "restaurant",
            "food",
            "point_of_interest",
            "establishment"
          ]
        },
        {
          "name": "Spice 8 Srilankan Fusion Cuisine",
          "address": "460 Berkshire Dr, London, ON N6J 3S1, Canada",
          "lat": 42.9623281,
          "lon": -81.2852949,
          "rating": 4.8,
          "user_ratings_total": 43,
          "price_level": null,
          "types": [
            "restaurant",
            "food",
            "point_of_interest",
            "establishment"
          ]
        }
      ]
    }
  ]
}