{
  "destination": "string",
  "itinerary_text": "## London, Ontario Family Fun: 3-Day Luxury Itinerary\n\nThis itinerary focuses on maximizing your family's enjoyment with a blend of engaging activities and delicious food.  Prepare for a memorable London adventure!\n\n**Day 1: Parks & Pioneer History**\n\n* **Morning:** Begin your day with a visit to the beautiful **Springbank Park** (4.7 rating!), perfect for a leisurely stroll, letting the kids run around, and enjoying the scenic surroundings. Pack a picnic or grab coffee from a local cafe for a delightful outdoor breakfast.\n\n* **Afternoon:** Journey back in time at **Fanshawe Pioneer Village** (4.7 rating!), an immersive experience showcasing life in 19th-century Ontario.  Kids will love exploring the historical buildings and interacting with costumed interpreters.\n\n* **Evening:** Indulge in a delicious dinner at **Sinbad Restaurant** (4.9 rating!). While the price level isn't specified, this highly rated establishment will likely offer a premium dining experience to round out your first day.\n\n\n**Day 2: Urban Exploration & Archaeological Wonders**\n\n* **Morning:** Spend the morning at **Victoria Park** (4.5 rating!), a large urban park offering playgrounds, green spaces, and potentially even live entertainment depending on the season. Let the kids burn off some energy before your next adventure.\n\n* **Afternoon:** Delve into history at the **Museum of Ontario Archaeology** (4.3 rating!), offering an engaging look at the region's fascinating past.  Many museums offer family-friendly programs and interactive exhibits.\n\n* **Evening:** Enjoy a sophisticated Italian dinner at **Scaddabush Italian Kitchen & Bar London** (4.8 rating, price level 2). This restaurant provides a more upscale dining option perfect for a relaxing family dinner after a day of exploration.\n\n\n**Day 3:  Relaxation & Culinary Delights**\n\n* **Morning:**  Start your day with a leisurely breakfast at your hotel or a charming local café. Consider a late morning relaxing activity such as a family spa treatment or a shopping trip to allow for a less structured and more relaxed pace.\n\n* **Afternoon:**  Enjoy a final family outing in a park or any other desired activity depending on your children's interests, perhaps revisiting a favorite spot from earlier.\n\n* **Evening:**  Conclude your London trip with a fantastic culinary experience. Choose between **Twin Dem Kitchen** (4.8 rating) or **Spice 8 Srilankan Fusion Cuisine** (4.8 rating) for a final delicious meal. Note that these restaurants are both highly rated but lack price level information in the JSON data.  Consider checking online reviews and menus to choose based on your preferences and budget.\n\n\n**Note:** This itinerary is a suggestion and can be adjusted to suit your family's interests and preferences.  Always confirm opening hours and book tickets in advance for popular attractions, especially during peak season.  Enjoy your luxurious London family getaway!\n",
  "plan_struct": [
    {
      "day": 1,
      "attractions": [
        {
          "name": "Springbank Park",
          "address": "1085 Commissioners Rd W, London, ON N6K 4Y6, Canada",
          "lat": 42.9583691,
          "lon": -81.3221983,
          "rating": 4.7,
          "user_ratings_total": 4950,
          "price_level": null,
          "types": [
            "park",
            "tourist_attraction",
            "point_of_interest",
            "establishment"
          ]
        },
        {
          "name": "Fanshawe Pioneer Village",
          "address": "Spriet Family Visitor Centre, inside of, 1424 Clarke Rd, London, ON N5X 4A1, Canada",
          "lat": 43.0553469,
          "lon": -81.18170769999999,
          "rating": 4.7,
          "user_ratings_total": 825,
          "price_level": null,
          "types": [
            "tourist_attraction",
            "museum",
            "point_of_interest",
            "establishment"
          ]
        },
        {
          "name": "Westminster Ponds/Pond Mills Conservation Area",
          "address": "696 Wellington Rd, London, ON N6C 4R2, Canada",
          "lat": 42.9477273,
          "lon": -81.2269331,
          "rating": 4.6,
          "user_ratings_total": 1096,
          "price_level": null,
          "types": [
            "tourist_attraction",
            "park",
            "point_of_interest",
            "establishment"
          ]
        },
        {
          "name": "Sifton Bog",
          "address": "1210 Oxford St W, London, ON N6H 1V7, Canada",
          "lat": 42.9742229,
          "lon": -81.3238251,
          "rating": 4.6,
          "user_ratings_total": 734,
          "price_level": null,
          "types": [
            "park",
            "tourist_attraction",
            "point_of_interest",
            "establishment"
          ]
        }
      ],
      "restaurants": [
        {
          "name": "Sinbad Restaurant",
          "address": "1286 Jalna Blvd Unit 1, London, ON N6E 2R6, Canada",
          "lat": 42.925768,
          "lon": -81.23173000000001,
          "rating": 4.9,
          "user_ratings_total": 1390,
          "price_level": null,
          "types": [
            "restaurant",
            "food",
            "point_of_interest",
            "establishment"
          ]
        },
        {
          "name": "Sagi",
          "address": "175 Wortley Rd, London, ON N6C 3P6, Canada",
          "lat": 42.9717282,
          "lon": -81.2529475,
          "rating": 4.9,
          "user_ratings_total": 346,
          "price_level": null,
          "types": [
            "restaurant",
            "food",
            "point_of_interest",
            "establishment"
          ]
        }
      ]
    },
    {
      "day": 2,
      "attractions": [
        {
          "name": "Victoria Park",
          "address": "580 Clarence St, London, ON N6A 3N1, Canada",
          "lat": 42.9892363,
          "lon": -81.2484415,
          "rating": 4.5,
          "user_ratings_total": 6249,
          "price_level": null,
          "types": [
            "park",
            "tourist_attraction",
            "point_of_interest",
            "establishment"
          ]
        },
        {
          "name": "Museum of Ontario Archaeology",
          "address": "1600 Attawandaron Rd, London, ON N6G 3M6, Canada",
          "lat": 43.0135454,
          "lon": -81.3057778,
          "rating": 4.3,
          "user_ratings_total": 272,
          "price_level": null,
          "types": [
            "tourist_attraction",
            "museum",
            "point_of_interest",
            "establishment"
          ]
        }
      ],
      "restaurants": [
        {
          "name": "Scaddabush Italian Kitchen & Bar London",
          "address": "425 Southdale Rd W, London, ON N6K 3X4, Canada",
          "lat": 42.9385069,
          "lon": -81.2828467,
          "rating": 4.8,
          "user_ratings_total": 3473,
          "price_level": 2,
          "types": [
            "bar",
            "restaurant",
            "food",
            "store",
            "point_of_interest",
            "establishment"
          ]
        },
        {
          "name": "peppermoon restaurant & bar",
          "address": "1100 Commissioners Rd E, London, ON N5Z 4W8, Canada",
          "lat": 42.9624455,
          "lon": -81.1987331,
          "rating": 4.8,
          "user_ratings_total": 503,
          "price_level": null,
          "types": [
            "restaurant",
            "night_club",
            "bar",
            "food",
            "point_of_interest",
            "establishment"
          ]
        }
      ]
    },
    {
      "day": 3,
      "attractions": [],
      "restaurants": [
        {
          "name": "Twin Dem Kitchen",
          "address": "1286 Jalna Blvd #8, London, ON N6E 2R6, Canada",
          "lat": 42.9254524,
          "lon": -81.23164899999999,
          "rating": 4.8,
          "user_ratings_total": 90,
          "price_level": null,
          "types": [
            "restaurant",
            "food",
            "point_of_interest",
            "establishment"
          ]
        },
        {
          "name": "Spice 8 Srilankan Fusion Cuisine",
          "address": "460 Berkshire Dr, London, ON N6J 3S1, Canada",
          "lat": 42.9623281,
          "lon": -81.2852949,
          "rating": 4.8,
          "user_ratings_total": 43,
          "price_level": null,
          "types": [
            "restaurant",
            "food",
            "point_of_interest",
            "establishment"
          ]
        }
      ]
    }
  ]
}